[{"make":"Pontiac","model":"Grand Am","year":1986,"color":"Fuscia"},
{"make":"Chevrolet","model":"Avalanche 2500","year":2001,"color":"Indigo"},
{"make":"Lotus","model":"Esprit","year":2008,"color":"Purple"},
{"make":"Saab","model":"9-3","year":2011,"color":"Crimson"},
{"make":"MINI","model":"Cooper Countryman","year":2005,"color":"Red"},
{"make":"Mercury","model":"Tracer","year":1988,"color":"Teal"},
{"make":"Kia","model":"Firebird","year":2010,"color":"Blue"},
{"make":"Dodge","model":"Ram Van B250","year":1992,"color":"Yellow"},
{"make":"GMC","model":"Savana 1500","year":2015,"color":"Maroon"},
{"make":"Volvo","model":"Ranger","year":2003,"color":"Aquamarine"},
{"make":"Jaguar","model":"XJ Series","year":2009,"color":"Turquoise"},
{"make":"Hyundai","model":"Azera","year":2006,"color":"White"},
{"make":"BMW","model":"M5","year":2002,"color":"Violet"},
{"make":"Mazda","model":"Protege","year":2004,"color":"Pink"},
{"make":"Jeep","model":"S10","year":1994,"color":"Green"},
{"make":"Ford","model":"Bronco","year":1990,"color":"Orange"},
{"make":"Ferrari","model":"FF","year":2012,"color":"Silver"},
{"make":"Toyota","model":"Prius","year":2016,"color":"Black"},
{"make":"Saturn","model":"Aura","year":2007,"color":"Mauv"},
{"make":"Mitsubishi","model":"Eclipse","year":2000,"color":"Gray"}]